
--DROP DATABASE if exists EKART;
--CREATE DATABASE EKART;
--USE  EKART;
ALTER TABLE EK_CUSTOMER_ADDRESS DROP CONSTRAINT EK_CUST_ADRS_EMAIL_FK;
ALTER TABLE EK_CUSTOMER_CART DROP CONSTRAINT EK_CUST_CARD_EMAIL_FK;
ALTER TABLE EK_CUSTOMER_CART DROP CONSTRAINT EK_CART_PRODUCT_ID_FK;
ALTER TABLE EK_ORDER DROP CONSTRAINT EK_CUST_ORDER_MAPP_EMAIL_ID_FK;
ALTER TABLE EK_ORDER DROP CONSTRAINT EK_ADDRESS_ID_FK;

DROP TABLE EK_CUSTOMER;
DROP TABLE EK_CUSTOMER_ADDRESS;
DROP TABLE EK_CUSTOMER_CART;
DROP TABLE EK_ORDER;
DROP TABLE EK_PRODUCT;


CREATE TABLE EK_CUSTOMER(
	EMAIL_ID VARCHAR(50),
	NAME VARCHAR(50) NOT NULL,
	PASSWORD VARCHAR(70) NOT NULL,
	PHONE_NUMBER VARCHAR(10) NOT NULL UNIQUE,
	constraint EK_CUSTOMER_EMAIL_ID_PK primary key ( EMAIL_ID )
);
CREATE TABLE EK_CUSTOMER_ADDRESS (
	ADDRESS_ID INT  NOT NULL,
	CONTACT_NUMBER VARCHAR(10) NOT NULL,
	LINE_1 VARCHAR (500) NOT NULL,
	LINE_2 VARCHAR (500),
	CITY VARCHAR(50) NOT NULL,
	STATE VARCHAR(50) NOT NULL,
	PIN VARCHAR(10) NOT NULL,
    CUSTOMER_EMAIL_ID VARCHAR(50),
	constraint EK_ADDRESS_ID_PK primary key ( ADDRESS_ID )
);

ALTER TABLE EK_CUSTOMER_ADDRESS ADD CONSTRAINT EK_CUST_ADRS_EMAIL_FK FOREIGN KEY ( CUSTOMER_EMAIL_ID ) REFERENCES EK_CUSTOMER( EMAIL_ID );

CREATE TABLE EK_CUSTOMER_CART (
	CART_ID INT,
	PRODUCT_ID INT NOT NULL,
	QUANTITY SMALLINT,
    CUSTOMER_EMAIL_ID VARCHAR(50),
	constraint EK_CART_ID_PK primary key (CART_ID)
);
ALTER TABLE EK_CUSTOMER_CART ADD CONSTRAINT EK_CUST_CARD_EMAIL_FK FOREIGN KEY ( CUSTOMER_EMAIL_ID ) REFERENCES EK_CUSTOMER( EMAIL_ID );

CREATE TABLE EK_PRODUCT(
	PRODUCT_ID INT ,
	NAME VARCHAR(500) NOT NULL,
	DESCRIPTION VARCHAR(1000) NOT NULL,
	CATEGORY VARCHAR(200) NOT NULL,
	BRAND VARCHAR(250) NOT NULL,
	PRICE INT NOT NULL,
	DISCOUNT DECIMAL(5,2) NOT NULL,
	QUANTITY SMALLINT NOT NULL,
	SELLER_EMAIL_ID VARCHAR(50),
	constraint EK_PRODUCT_ID_PK primary key ( PRODUCT_ID )
);
ALTER TABLE EK_PRODUCT ADD CONSTRAINT EK_CART_PRODUCT_ID_FK FOREIGN KEY ( PRODUCT_ID ) REFERENCES EK_CUSTOMER_CART( PRODUCT_ID );

CREATE TABLE EK_ORDER (
	ORDER_ID INT NOT NULL ,
	ORDER_NUMBER INT NOT NULL,
	DATE_OF_ORDER DATE NOT NULL,
	TOTAL_PRICE DECIMAL(12,2) NOT NULL,
	ADDRESS_ID INT NOT NULL,
	ORDER_STATUS VARCHAR(20) NOT NULL,
	PAYMENT_THROUGH VARCHAR(20) NOT NULL, 
	DATE_OF_DELIVERY DATE ,
    	CUSTOMER_EMAIL_ID VARCHAR(50),
	constraint EK_ORDER_ID_PK primary key (ORDER_ID)
);
ALTER TABLE EK_ORDER ADD CONSTRAINT EK_CUST_ORDER_MAPP_EMAIL_ID_FK FOREIGN KEY ( CUSTOMER_EMAIL_ID ) REFERENCES EK_CUSTOMER( EMAIL_ID );
ALTER TABLE EK_ORDER ADD CONSTRAINT EK_ORD_ORDER_STATUS_CHK CHECK (ORDER_STATUS IN ('PLACED', 'CONFIRMED', 'DISPATCHED', 'IN_TRANSIT', 'OUT_FOR_DELIVERY', 'DELIVERED', 'CANCELLED', 'RETURNED'));
ALTER TABLE EK_ORDER ADD CONSTRAINT EK_ORD_PAYMENT_THROUGH_CHK CHECK (PAYMENT_THROUGH IN ('DEBIT_CARD', 'CREDIT_CARD', 'CASH_ON_DELIVERY'));
ALTER TABLE EK_ORDER ADD CONSTRAINT EK_ADDRESS_ID_FK FOREIGN KEY ( ADDRESS_ID ) REFERENCES EK_CUSTOMER_ADDRESS( ADDRESS_ID );

INSERT INTO EK_CUSTOMER (EMAIL_ID, NAME, PASSWORD, PHONE_NUMBER) VALUES ('tom@infosys.com', 'Tom', 'Tom@123', '7886189067');
INSERT INTO EK_CUSTOMER (EMAIL_ID, NAME, PASSWORD, PHONE_NUMBER) VALUES ('harry@infosys.com', 'Harry', 'Harry@123', '7687156584');
INSERT INTO EK_CUSTOMER (EMAIL_ID, NAME, PASSWORD, PHONE_NUMBER) VALUES ('john@infosys.com', 'John', 'John@123', '8478116714');
INSERT INTO EK_CUSTOMER (EMAIL_ID, NAME, PASSWORD, PHONE_NUMBER) VALUES ('sara@infosys.com', 'Sara', 'Sara@123', '8900100511');
INSERT INTO EK_CUSTOMER (EMAIL_ID, NAME, PASSWORD, PHONE_NUMBER) VALUES ('mariya@infosys.com', 'Mariya', 'Mariya@123', '7578116427');
INSERT INTO EK_CUSTOMER (EMAIL_ID, NAME, PASSWORD, PHONE_NUMBER) VALUES ('james@infosys.com', 'James', 'James@123', '8032179231');
INSERT INTO EK_CUSTOMER (EMAIL_ID, NAME, PASSWORD, PHONE_NUMBER) VALUES ('steve@infosys.com', 'Steve', 'Steve@123', '7730157577');
INSERT INTO EK_CUSTOMER (EMAIL_ID, NAME, PASSWORD, PHONE_NUMBER) VALUES ('punya@infosys.com', 'Punya', 'Punya@123', '8064153936');
INSERT INTO EK_CUSTOMER (EMAIL_ID, NAME, PASSWORD, PHONE_NUMBER) VALUES ('animesh@infosys.com', 'Animesh', 'Animesh@123', '7335189166');
INSERT INTO EK_CUSTOMER (EMAIL_ID, NAME, PASSWORD, PHONE_NUMBER) VALUES ('rakesh@infosys.com', 'Rakesh', 'Rakesh@123', '7411164668');


INSERT INTO EK_CUSTOMER_CART (CART_ID, PRODUCT_ID, QUANTITY, CUSTOMER_EMAIL_ID) VALUES (3000, 1000, 1, 'tom@infosys.com');
INSERT INTO EK_CUSTOMER_CART (CART_ID, PRODUCT_ID, QUANTITY, CUSTOMER_EMAIL_ID) VALUES (3001, 1004, 1, 'tom@infosys.com');
INSERT INTO EK_CUSTOMER_CART (CART_ID, PRODUCT_ID, QUANTITY, CUSTOMER_EMAIL_ID) VALUES (3002, 1008, 1, 'tom@infosys.com');
INSERT INTO EK_CUSTOMER_CART (CART_ID, PRODUCT_ID, QUANTITY, CUSTOMER_EMAIL_ID) VALUES (3003, 1012, 1, 'harry@infosys.com');
INSERT INTO EK_CUSTOMER_CART (CART_ID, PRODUCT_ID, QUANTITY, CUSTOMER_EMAIL_ID) VALUES (3004, 1016, 1, 'harry@infosys.com');
INSERT INTO EK_CUSTOMER_CART (CART_ID, PRODUCT_ID, QUANTITY, CUSTOMER_EMAIL_ID) VALUES (3005, 1020, 1, 'john@infosys.com');
INSERT INTO EK_CUSTOMER_CART (CART_ID, PRODUCT_ID, QUANTITY, CUSTOMER_EMAIL_ID) VALUES (3006, 1024, 1, 'sara@infosys.com');
INSERT INTO EK_CUSTOMER_CART (CART_ID, PRODUCT_ID, QUANTITY, CUSTOMER_EMAIL_ID) VALUES (3007, 1028, 1, 'sara@infosys.com');
INSERT INTO EK_CUSTOMER_CART (CART_ID, PRODUCT_ID, QUANTITY, CUSTOMER_EMAIL_ID) VALUES (3008, 1032, 1, 'sara@infosys.com');
INSERT INTO EK_CUSTOMER_CART (CART_ID, PRODUCT_ID, QUANTITY, CUSTOMER_EMAIL_ID) VALUES (3009, 1036, 1, 'mariya@infosys.com');
INSERT INTO EK_CUSTOMER_CART (CART_ID, PRODUCT_ID, QUANTITY, CUSTOMER_EMAIL_ID) VALUES (3010, 1040, 1, 'mariya@infosys.com');
INSERT INTO EK_CUSTOMER_CART (CART_ID, PRODUCT_ID, QUANTITY, CUSTOMER_EMAIL_ID) VALUES (3011, 1044, 1, 'james@infosys.com');
INSERT INTO EK_CUSTOMER_CART (CART_ID, PRODUCT_ID, QUANTITY, CUSTOMER_EMAIL_ID) VALUES (3012, 1048, 1, 'james@infosys.com');
INSERT INTO EK_CUSTOMER_CART (CART_ID, PRODUCT_ID, QUANTITY, CUSTOMER_EMAIL_ID) VALUES (3013, 1052, 1, 'tom@infosys.com');
INSERT INTO EK_CUSTOMER_CART (CART_ID, PRODUCT_ID, QUANTITY, CUSTOMER_EMAIL_ID) VALUES (3014, 1056, 1, 'john@infosys.com');

INSERT INTO EK_CUSTOMER_ADDRESS (ADDRESS_ID, CONTACT_NUMBER, LINE_1, LINE_2, CITY, STATE, PIN, CUSTOMER_EMAIL_ID) VALUES (5000, '7886189066', 'Ist Main, Building No.3', 'Park Square', 'Los Angeles', 'California', '752110', 'tom@infosys.com');
INSERT INTO EK_CUSTOMER_ADDRESS (ADDRESS_ID, CONTACT_NUMBER, LINE_1, LINE_2, CITY, STATE, PIN, CUSTOMER_EMAIL_ID) VALUES (5001, '9886189067', '4th Main, Building No.8', 'Mountain Springs', 'Las Vegas', 'Nevada', '859122', 'tom@infosys.com');
INSERT INTO EK_CUSTOMER_ADDRESS (ADDRESS_ID, CONTACT_NUMBER, LINE_1, LINE_2, CITY, STATE, PIN, CUSTOMER_EMAIL_ID) VALUES (5002, '7886106700', '8th Main, Floor no-7, Building No.2', 'Midtown Manhattan', 'New York City', 'New York', '755123', 'tom@infosys.com');
INSERT INTO EK_CUSTOMER_ADDRESS (ADDRESS_ID, CONTACT_NUMBER, LINE_1, LINE_2, CITY, STATE, PIN, CUSTOMER_EMAIL_ID) VALUES (5003, '7883459067', '2nd Main, Floor no-8, Building No.13', 'Mid-City', 'New Orleans', 'Louisiana', '760103', 'tom@infosys.com');
INSERT INTO EK_CUSTOMER_ADDRESS (ADDRESS_ID, CONTACT_NUMBER, LINE_1, LINE_2, CITY, STATE, PIN, CUSTOMER_EMAIL_ID) VALUES (5004, '7876189010', '3rd Main, Floor no-7, Building No.4', 'Back Bay', 'Boston', 'Massachusetts', '889183', 'harry@infosys.com');
INSERT INTO EK_CUSTOMER_ADDRESS (ADDRESS_ID, CONTACT_NUMBER, LINE_1, LINE_2, CITY, STATE, PIN, CUSTOMER_EMAIL_ID) VALUES (5005, '8976189010', '5th Main, Building No.6', 'Downtown Chicago', 'Chicago', 'Illinois', '871103', 'harry@infosys.com');
INSERT INTO EK_CUSTOMER_ADDRESS (ADDRESS_ID, CONTACT_NUMBER, LINE_1, LINE_2, CITY, STATE, PIN, CUSTOMER_EMAIL_ID) VALUES (5006, '9082219010', '6th Main, Building No.16', 'City Alley', 'Philadelphia', 'Pennsylvania', '784164', 'harry@infosys.com');
INSERT INTO EK_CUSTOMER_ADDRESS (ADDRESS_ID, CONTACT_NUMBER, LINE_1, LINE_2, CITY, STATE, PIN, CUSTOMER_EMAIL_ID) VALUES (5007, '9898765430', '228 Runamuck Pl #2808', 'King, Christopher A Esq', 'Houston', 'Texas', '820103', 'harry@infosys.com');
INSERT INTO EK_CUSTOMER_ADDRESS (ADDRESS_ID, CONTACT_NUMBER, LINE_1, LINE_2, CITY, STATE, PIN, CUSTOMER_EMAIL_ID) VALUES (5008, '9977823100', '25 E 75th St #69', 'Feiner Bros', 'Portland', 'Oregon', '741170', 'john@infosys.com');
INSERT INTO EK_CUSTOMER_ADDRESS (ADDRESS_ID, CONTACT_NUMBER, LINE_1, LINE_2, CITY, STATE, PIN, CUSTOMER_EMAIL_ID) VALUES (5009, '9876995670', '73 State Road 434 E', 'Century Communications', 'Atlanta', 'Georgia', '738149', 'john@infosys.com');
INSERT INTO EK_CUSTOMER_ADDRESS (ADDRESS_ID, CONTACT_NUMBER, LINE_1, LINE_2, CITY, STATE, PIN, CUSTOMER_EMAIL_ID) VALUES (5010, '9898676341', '678 3rd Ave', 'Abc Enterprises Inc', 'Dallas', 'Texas', '804100', 'john@infosys.com');
INSERT INTO EK_CUSTOMER_ADDRESS (ADDRESS_ID, CONTACT_NUMBER, LINE_1, LINE_2, CITY, STATE, PIN, CUSTOMER_EMAIL_ID) VALUES (5011, '7659871432', '762 S Main St', 'Knights Inn', 'Pitsburgh', 'Pennsylvania', '827131', 'sara@infosys.com');
INSERT INTO EK_CUSTOMER_ADDRESS (ADDRESS_ID, CONTACT_NUMBER, LINE_1, LINE_2, CITY, STATE, PIN, CUSTOMER_EMAIL_ID) VALUES (5012, '8895711209', '14288 Foster Ave #4121', 'Branford Wire and Mfg Co', 'Milwaukee', 'Wisconsin', '750145', 'sara@infosys.com');
INSERT INTO EK_CUSTOMER_ADDRESS (ADDRESS_ID, CONTACT_NUMBER, LINE_1, LINE_2, CITY, STATE, PIN, CUSTOMER_EMAIL_ID) VALUES (5013, '8769872431', '4 Otis St', 'East Coast Marketing', 'Tuscon', 'Arizona', '782172', 'sara@infosys.com');
INSERT INTO EK_CUSTOMER_ADDRESS (ADDRESS_ID, CONTACT_NUMBER, LINE_1, LINE_2, CITY, STATE, PIN, CUSTOMER_EMAIL_ID) VALUES (5014, '7871234500', '59 Shady Ln #53', 'Schultz, Thomas C Sq', 'Salt Lake City', 'Utah', '802163', 'mariya@infosys.com');
INSERT INTO EK_CUSTOMER_ADDRESS (ADDRESS_ID, CONTACT_NUMBER, LINE_1, LINE_2, CITY, STATE, PIN, CUSTOMER_EMAIL_ID) VALUES (5015, '8046218927', '6649 N Blue Gum St', 'Benton, John B Jr', 'Milwaukee', 'Wisconsin', '802164', 'mariya@infosys.com');
INSERT INTO EK_CUSTOMER_ADDRESS (ADDRESS_ID, CONTACT_NUMBER, LINE_1, LINE_2, CITY, STATE, PIN, CUSTOMER_EMAIL_ID) VALUES (5016, '8102929388', '8 W Cerritos Ave #54', 'Chapman, Ross E Esq', 'Los Angeles', 'California', '802165', 'james@infosys.com');
INSERT INTO EK_CUSTOMER_ADDRESS (ADDRESS_ID, CONTACT_NUMBER, LINE_1, LINE_2, CITY, STATE, PIN, CUSTOMER_EMAIL_ID) VALUES (5017, '8566368749', '7 W Jackson Blvd', 'Commercial Press', 'Las Vegas', 'Nevada', '802166', 'james@infosys.com');
INSERT INTO EK_CUSTOMER_ADDRESS (ADDRESS_ID, CONTACT_NUMBER, LINE_1, LINE_2, CITY, STATE, PIN, CUSTOMER_EMAIL_ID) VALUES (5018, '9073854412', '228 Runamuck Pl #2808', 'King, Christopher A Esq', 'Los Angeles', 'California', '802167', 'james@infosys.com');
INSERT INTO EK_CUSTOMER_ADDRESS (ADDRESS_ID, CONTACT_NUMBER, LINE_1, LINE_2, CITY, STATE, PIN, CUSTOMER_EMAIL_ID) VALUES (5019, '7871234500', '66552 Malone Rd', 'Silverman Planetarium', 'Los Angeles', 'California', '802168', 'steve@infosys.com');
INSERT INTO EK_CUSTOMER_ADDRESS (ADDRESS_ID, CONTACT_NUMBER, LINE_1, LINE_2, CITY, STATE, PIN, CUSTOMER_EMAIL_ID) VALUES (5020, '7135701893', '77 Massillon Rd #822', 'J and F Lumber', 'Milwaukee', 'Wisconsin', '802169', 'steve@infosys.com');
INSERT INTO EK_CUSTOMER_ADDRESS (ADDRESS_ID, CONTACT_NUMBER, LINE_1, LINE_2, CITY, STATE, PIN, CUSTOMER_EMAIL_ID) VALUES (5021, '9195032484', '6535 Joyce St', 'City Development Authority Tower', 'Milwaukee', 'Wisconsin', '802170', 'steve@infosys.com');
INSERT INTO EK_CUSTOMER_ADDRESS (ADDRESS_ID, CONTACT_NUMBER, LINE_1, LINE_2, CITY, STATE, PIN, CUSTOMER_EMAIL_ID) VALUES (5022, '7735736914', 'Ames Stationers', '60 Fillmore Ave', 'Houston', 'Texas', '802171', 'steve@infosys.com');
INSERT INTO EK_CUSTOMER_ADDRESS (ADDRESS_ID, CONTACT_NUMBER, LINE_1, LINE_2, CITY, STATE, PIN, CUSTOMER_EMAIL_ID) VALUES (5023, '7087523500', 'Midas Muffler Shops', '57 Haven Ave #90', 'Las Vegas', 'Nevada', '802172', 'steve@infosys.com');
INSERT INTO EK_CUSTOMER_ADDRESS (ADDRESS_ID, CONTACT_NUMBER, LINE_1, LINE_2, CITY, STATE, PIN, CUSTOMER_EMAIL_ID) VALUES (5024, '9054142147', 'Petersen, James E Esq', '6535 Joyce St', 'Houston', 'Texas', '802173', 'punya@infosys.com');
INSERT INTO EK_CUSTOMER_ADDRESS (ADDRESS_ID, CONTACT_NUMBER, LINE_1, LINE_2, CITY, STATE, PIN, CUSTOMER_EMAIL_ID) VALUES (5025, '9106558723', 'Stuart J Agins', '3718 S Main St', 'Milwaukee', 'Wisconsin', '802174', 'punya@infosys.com');
INSERT INTO EK_CUSTOMER_ADDRESS (ADDRESS_ID, CONTACT_NUMBER, LINE_1, LINE_2, CITY, STATE, PIN, CUSTOMER_EMAIL_ID) VALUES (5026, '9215874122', 'Mitsumi Corp', '5 Green Pond Rd #4', 'Houston', 'Texas', '802175', 'punya@infosys.com');
INSERT INTO EK_CUSTOMER_ADDRESS (ADDRESS_ID, CONTACT_NUMBER, LINE_1, LINE_2, CITY, STATE, PIN, CUSTOMER_EMAIL_ID) VALUES (5027, '8313353414', 'Kleri, Patricia S Esq', '42744 Hamann Industrial Pky #82', 'Los Angeles', 'California', '802176', 'animesh@infosys.com');
INSERT INTO EK_CUSTOMER_ADDRESS (ADDRESS_ID, CONTACT_NUMBER, LINE_1, LINE_2, CITY, STATE, PIN, CUSTOMER_EMAIL_ID) VALUES (5028, '9310498565', 'Geonex Martel Inc', '94 W Dodge Rd', 'Los Angeles', 'California', '802177', 'animesh@infosys.com');
INSERT INTO EK_CUSTOMER_ADDRESS (ADDRESS_ID, CONTACT_NUMBER, LINE_1, LINE_2, CITY, STATE, PIN, CUSTOMER_EMAIL_ID) VALUES (5029, '9440780842', '33 State St', 'Binswanger', 'Houston', 'Texas', '802178', 'animesh@infosys.com');
INSERT INTO EK_CUSTOMER_ADDRESS (ADDRESS_ID, CONTACT_NUMBER, LINE_1, LINE_2, CITY, STATE, PIN, CUSTOMER_EMAIL_ID) VALUES (5030, '9565376195', '2 S 15th St', 'Fort Square', 'Milwaukee', 'Wisconsin', '802179', 'animesh@infosys.com');
INSERT INTO EK_CUSTOMER_ADDRESS (ADDRESS_ID, CONTACT_NUMBER, LINE_1, LINE_2, CITY, STATE, PIN, CUSTOMER_EMAIL_ID) VALUES (5031, '9022774385', '60 Old Dover Rd', 'Denbrook, Myron', 'Houston', 'Texas', '802280', 'animesh@infosys.com');
INSERT INTO EK_CUSTOMER_ADDRESS (ADDRESS_ID, CONTACT_NUMBER, LINE_1, LINE_2, CITY, STATE, PIN, CUSTOMER_EMAIL_ID) VALUES (5032, '9313139635', '8 Sheridan Rd', 'Lippitt Jn', 'Milwaukee', 'Wisconsin', '802281', 'animesh@infosys.com');
INSERT INTO EK_CUSTOMER_ADDRESS (ADDRESS_ID, CONTACT_NUMBER, LINE_1, LINE_2, CITY, STATE, PIN, CUSTOMER_EMAIL_ID) VALUES (5033, '9414661959', '88 15th Ave Ne', 'Hasting, H Duane Esq', 'Las Vegas', 'Nevada', '802291', 'animesh@infosys.com');
INSERT INTO EK_CUSTOMER_ADDRESS (ADDRESS_ID, CONTACT_NUMBER, LINE_1, LINE_2, CITY, STATE, PIN, CUSTOMER_EMAIL_ID) VALUES (5034, '9313288793', '3381 E 40th Ave', 'Insty Prints', 'Houston', 'Texas', '802292', 'rakesh@infosys.com');
INSERT INTO EK_CUSTOMER_ADDRESS (ADDRESS_ID, CONTACT_NUMBER, LINE_1, LINE_2, CITY, STATE, PIN, CUSTOMER_EMAIL_ID) VALUES (5035, '8158282147', '8 Us Highway 22', 'Black History Resource Center', 'Los Angeles', 'California', '802293', 'rakesh@infosys.com');
INSERT INTO EK_CUSTOMER_ADDRESS (ADDRESS_ID, CONTACT_NUMBER, LINE_1, LINE_2, CITY, STATE, PIN, CUSTOMER_EMAIL_ID) VALUES (5036, '9610545361', '8139 I Hwy 10 #92', 'Goeman Woods', 'Las Vegas', 'Nevada', '802294', 'rakesh@infosys.com');
INSERT INTO EK_CUSTOMER_ADDRESS (ADDRESS_ID, CONTACT_NUMBER, LINE_1, LINE_2, CITY, STATE, PIN, CUSTOMER_EMAIL_ID) VALUES (5037, '8408540178', '3125 Packer Ave #9851', 'modern Woods', 'Milwaukee', 'Wisconsin', '802301', 'rakesh@infosys.com');
INSERT INTO EK_CUSTOMER_ADDRESS (ADDRESS_ID, CONTACT_NUMBER, LINE_1, LINE_2, CITY, STATE, PIN, CUSTOMER_EMAIL_ID) VALUES (5038, '9723039197', '347 Chestnut St', '3rd Cross', 'Milwaukee', 'Wisconsin', '802302', 'rakesh@infosys.com');
INSERT INTO EK_CUSTOMER_ADDRESS (ADDRESS_ID, CONTACT_NUMBER, LINE_1, LINE_2, CITY, STATE, PIN, CUSTOMER_EMAIL_ID) VALUES (5039, '9518966798', '73 W Barstow Ave', '4th Avenue', 'Los Angeles', 'California', '802303', 'rakesh@infosys.com');

INSERT INTO EK_PRODUCT (PRODUCT_ID, NAME, DESCRIPTION, CATEGORY, BRAND, PRICE, DISCOUNT, QUANTITY, SELLER_EMAIL_ID) VALUES (1000,'Bot E5s Plus','Smart phone with (13+13)MP rear camera and 8MP front camera, 4GB RAM and 64GB ROM,5.5 inch FHD display, Snapdrag 625 processor', 'Electronics - Mobile', 'Motobot', 16000, 5, 150, 'jack@infosys.com');
INSERT INTO EK_PRODUCT (PRODUCT_ID, NAME, DESCRIPTION, CATEGORY, BRAND, PRICE, DISCOUNT, QUANTITY, SELLER_EMAIL_ID) VALUES (1001,'Xpress','Smart phone with (13+13)MP rear camera and 8MP front camera, 4GB RAM and 64GB ROM,5.5 inch FHD display, Snapdrag 625 processor', 'Electronics - Mobile', 'Motobot', 16000, 5, 150, 'jack@infosys.com');
INSERT INTO EK_PRODUCT (PRODUCT_ID, NAME, DESCRIPTION, CATEGORY, BRAND, PRICE, DISCOUNT, QUANTITY, SELLER_EMAIL_ID) VALUES (1002,'Xpress Plus','Smart phone with 18MP rear camera and 16MP front camera, 4GB RAM and 32GB ROM,5 inch FHD display, MediTek T1009 processor', 'Electronics - Mobile', 'Motobot', 15000, 5, 150, 'jack@infosys.com');
INSERT INTO EK_PRODUCT (PRODUCT_ID, NAME, DESCRIPTION, CATEGORY, BRAND, PRICE, DISCOUNT, QUANTITY, SELLER_EMAIL_ID) VALUES (1003,'Dzire','Smart phone with 16MP rear camera and 8MP front camera, 2GB RAM and 16GB ROM,5 inch FHD display, Hi-Tech processor', 'Electronics - Mobile', 'SangSung', 12000, 5, 250, 'jack@infosys.com');
INSERT INTO EK_PRODUCT (PRODUCT_ID, NAME, DESCRIPTION, CATEGORY, BRAND, PRICE, DISCOUNT, QUANTITY, SELLER_EMAIL_ID) VALUES (1004,'Dzire Plus','Smart phone with 16MP rear camera and 8MP front camera, 6GB RAM and 32GB ROM,5.5 inch FHD display, Hi-Tech processor', 'Electronics - Mobile', 'SangSung', 15000, 7, 100, 'jack@infosys.com');
INSERT INTO EK_PRODUCT (PRODUCT_ID, NAME, DESCRIPTION, CATEGORY, BRAND, PRICE, DISCOUNT, QUANTITY, SELLER_EMAIL_ID) VALUES (1005,'Xpress Music-360','Smart phone with 16MP rear camera and 8MP front camera, 2GB RAM and 16GB ROM,5 inch FHD display, DA sound', 'Electronics - Mobile', 'Technotron', 10000, 5, 150, 'jack@infosys.com');
INSERT INTO EK_PRODUCT (PRODUCT_ID, NAME, DESCRIPTION, CATEGORY, BRAND, PRICE, DISCOUNT, QUANTITY, SELLER_EMAIL_ID) VALUES (1006,'CamBot','Basic phone with 26MP rear camera and 16MP front camera, 2GB RAM and 16GB ROM,4.5 inch HD display, OxiTech Processor', 'Electronics - Mobile', 'Technotron', 5000, 5, 250, 'jack@infosys.com');
INSERT INTO EK_PRODUCT (PRODUCT_ID, NAME, DESCRIPTION, CATEGORY, BRAND, PRICE, DISCOUNT, QUANTITY, SELLER_EMAIL_ID) VALUES (1007,'Cambot Plus','Smart phone with 26MP rear camera and 16MP front camera, 4GB RAM and 32GB ROM,4.5 inch HD display, OxiTech Processor', 'Electronics - Mobile', 'Technotron', 8000, 5, 250, 'jack@infosys.com');
INSERT INTO EK_PRODUCT (PRODUCT_ID, NAME, DESCRIPTION, CATEGORY, BRAND, PRICE, DISCOUNT, QUANTITY, SELLER_EMAIL_ID) VALUES (1008,'Impulse S','Smart phone with 16MP rear camera and 8MP front camera, 4GB RAM and 32GB ROM,5.5 inch FHD display, OxiTech Processor', 'Electronics - Mobile', 'Micron', 18000, 5, 250, 'jack@infosys.com');
INSERT INTO EK_PRODUCT (PRODUCT_ID, NAME, DESCRIPTION, CATEGORY, BRAND, PRICE, DISCOUNT, QUANTITY, SELLER_EMAIL_ID) VALUES (1009,'Impulse S Plus','Smart phone with 18MP rear camera and 16MP front camera, 4GB RAM and 32GB ROM,5.5 inch FHD display, OxiTech Processor', 'Electronics - Mobile', 'Micron', 22000, 5, 250, 'jack@infosys.com');
INSERT INTO EK_PRODUCT (PRODUCT_ID, NAME, DESCRIPTION, CATEGORY, BRAND, PRICE, DISCOUNT, QUANTITY, SELLER_EMAIL_ID) VALUES (1010,'Frost LP 6677','14-inch FHD display, Core-i3 5th Gn processor, 4GB RAM, 500GB HDD', 'Electronics - Laptop', 'CorpTech', 28000, 5, 150, 'mark@infosys.com');
INSERT INTO EK_PRODUCT (PRODUCT_ID, NAME, DESCRIPTION, CATEGORY, BRAND, PRICE, DISCOUNT, QUANTITY, SELLER_EMAIL_ID) VALUES (1011,'Inspire LP N5577','15.6-inch UHD display, Core-i5 8th Gn processor, 8GB RAM, 1TB HDD, Finger Print Unlock ', 'Electronics - Laptop', 'CorpTech', 59000, 5, 150, 'mark@infosys.com');
INSERT INTO EK_PRODUCT (PRODUCT_ID, NAME, DESCRIPTION, CATEGORY, BRAND, PRICE, DISCOUNT, QUANTITY, SELLER_EMAIL_ID) VALUES (1012,'NoteBook LP 8800','14-inch FHD display, Core-i3 7th Gen processor, 4GB RAM, 500GB HDD', 'Electronics - Laptop', 'Itronics', 38000, 5, 150, 'mark@infosys.com');
INSERT INTO EK_PRODUCT (PRODUCT_ID, NAME, DESCRIPTION, CATEGORY, BRAND, PRICE, DISCOUNT, QUANTITY, SELLER_EMAIL_ID) VALUES (1013,'AWare LP 3636','17-inch UHD display,Core i7-7th Gen, 16GB RAm and 2TB HHDD', 'Electronics - Laptop', 'AW', 75000, 5, 150, 'mark@infosys.com');
INSERT INTO EK_PRODUCT (PRODUCT_ID, NAME, DESCRIPTION, CATEGORY, BRAND, PRICE, DISCOUNT, QUANTITY, SELLER_EMAIL_ID) VALUES (1014,'Longitude LP E7440','15-inch FHD display, Core-i5 7th Gen processor, 8GB RAM, 750GB HDD', 'Electronics - Laptop', 'Lap+', 50000, 5, 450, 'mark@infosys.com');
INSERT INTO EK_PRODUCT (PRODUCT_ID, NAME, DESCRIPTION, CATEGORY, BRAND, PRICE, DISCOUNT, QUANTITY, SELLER_EMAIL_ID) VALUES (1015,'ThinkStation LP 7000','14-inch FHD display, Core-2 duo processor, 4GB RAM, 500GB HDD', 'Electronics - Laptop', 'Thinkpad', 35000, 5, 150, 'mark@infosys.com');
INSERT INTO EK_PRODUCT (PRODUCT_ID, NAME, DESCRIPTION, CATEGORY, BRAND, PRICE, DISCOUNT, QUANTITY, SELLER_EMAIL_ID) VALUES (1016,'IdeaStation LP 8090','14-inch FHD display, Core-i3 5th Gen processor, 4GB RAM, 750GB HDD', 'Electronics - Laptop', 'Ideapad', 50000, 5, 150, 'mark@infosys.com');
INSERT INTO EK_PRODUCT (PRODUCT_ID, NAME, DESCRIPTION, CATEGORY, BRAND, PRICE, DISCOUNT, QUANTITY, SELLER_EMAIL_ID) VALUES (1017,'MaxBook Base','14-inch FHD display, I+ processor, 4GB RAM, 500GB HDD', 'Electronics - Laptop', 'Max+', 50000, 5, 150, 'mark@infosys.com');
INSERT INTO EK_PRODUCT (PRODUCT_ID, NAME, DESCRIPTION, CATEGORY, BRAND, PRICE, DISCOUNT, QUANTITY, SELLER_EMAIL_ID) VALUES (1018,'MaxBook Air','14-inch FHD display, I++ processor, 4GB RAM, 650GB HDD', 'Electronics - Laptop', 'Max+', 70000, 3, 250, 'mark@infosys.com');
INSERT INTO EK_PRODUCT (PRODUCT_ID, NAME, DESCRIPTION, CATEGORY, BRAND, PRICE, DISCOUNT, QUANTITY, SELLER_EMAIL_ID) VALUES (1019,'MaxBook Pro','17-inch UHD display, I++ duo processor, 16GB RAM, 500GB SSD', 'Electronics - Laptop', 'Max+', 155000, 5, 150, 'ken@infosys.com');
INSERT INTO EK_PRODUCT (PRODUCT_ID, NAME, DESCRIPTION, CATEGORY, BRAND, PRICE, DISCOUNT, QUANTITY, SELLER_EMAIL_ID) VALUES (1020,'Corsair DSKTP 1919','All In One Desktop C2000(F0BB00YDIN,CPU J3060/4GB/1TB/19.5"LED/Dos)', 'Electronics - Desktop', 'Corsair', 25000, 5, 150, 'ken@infosys.com');
INSERT INTO EK_PRODUCT (PRODUCT_ID, NAME, DESCRIPTION, CATEGORY, BRAND, PRICE, DISCOUNT, QUANTITY, SELLER_EMAIL_ID) VALUES (1021,'Corsair DSKTP 2020 PRO','20-c103in 19.45-inch All-in-One Desktop (Celeron J3060/4GB/500GB/Windows 10/Integrated Graphics), Black', 'Electronics - Desktop', 'Corsair', 35000, 5, 150, 'ken@infosys.com');
INSERT INTO EK_PRODUCT (PRODUCT_ID, NAME, DESCRIPTION, CATEGORY, BRAND, PRICE, DISCOUNT, QUANTITY, SELLER_EMAIL_ID) VALUES (1022,'Precision DSKTP 2323','Pentium Quad Core/4 GB DDR3/1 TB/Free DOS - Black, 19.5 Inch Screen', 'Electronics - Desktop', 'Precision', 45000, 5, 15, 'ken@infosys.com');
INSERT INTO EK_PRODUCT (PRODUCT_ID, NAME, DESCRIPTION, CATEGORY, BRAND, PRICE, DISCOUNT, QUANTITY, SELLER_EMAIL_ID) VALUES (1023,'Neuron DSKTP','Core i3-6th Gen/4 GB DDR 4/1 TB/Windows 10 Home-Black, 34.2 cm x 48.6 cm x 4.8 cm, 3.5 kg, 19.5 Inch Screen', 'Electronics - Desktop', 'Neuron', 35000, 5, 150, 'ken@infosys.com');
INSERT INTO EK_PRODUCT (PRODUCT_ID, NAME, DESCRIPTION, CATEGORY, BRAND, PRICE, DISCOUNT, QUANTITY, SELLER_EMAIL_ID) VALUES (1024,'Neuron Xtreme DSKTP','Pentium Quad Core/4 GB DDR3/500 GB/Ubuntu - Black, 19.5 Inch Screen', 'Electronics - Desktop', 'Neuron', 32000, 5, 150, 'ken@infosys.com');
INSERT INTO EK_PRODUCT (PRODUCT_ID, NAME, DESCRIPTION, CATEGORY, BRAND, PRICE, DISCOUNT, QUANTITY, SELLER_EMAIL_ID) VALUES (1025,'Surface DSKTP','NVD Tegra Quad Core/ 1GB/ Android 4.2/353.8 mm x 530.9 mm x 67 mm, 4.85 kg, 54.61 Inch Screen', 'Electronics - Desktop', 'Macrosoft', 55000, 5, 150, 'ken@infosys.com');
INSERT INTO EK_PRODUCT (PRODUCT_ID, NAME, DESCRIPTION, CATEGORY, BRAND, PRICE, DISCOUNT, QUANTITY, SELLER_EMAIL_ID) VALUES (1026,'Surface Pro DSKTP','NVD Tegra Quad Core/ 1GB/ Android 4.2/Touch 353.8 mm x 530.9 mm x 67 mm, 4.85 kg, 54.61 Inch Screen', 'Electronics - Desktop', 'Macrosoft', 75000, 5, 8, 'ken@infosys.com');
INSERT INTO EK_PRODUCT (PRODUCT_ID, NAME, DESCRIPTION, CATEGORY, BRAND, PRICE, DISCOUNT, QUANTITY, SELLER_EMAIL_ID) VALUES (1027,'Raptor Neon DSKTP','Core i5 (6th Gen)/4 GB DDR3/1 TB/Windows 10 Home - White, 23.8 Inch Screen', 'Electronics - Desktop', 'Raptor', 55000, 5, 2, 'ken@infosys.com');
INSERT INTO EK_PRODUCT (PRODUCT_ID, NAME, DESCRIPTION, CATEGORY, BRAND, PRICE, DISCOUNT, QUANTITY, SELLER_EMAIL_ID) VALUES (1028,'Canyon JetCam',' DSLR Camera Body with Single Lens: EF-S 18-55 IS II ', 'Electronics - Camera', 'Canyon', 50000, 5, 150, 'brad@infosys.com');
INSERT INTO EK_PRODUCT (PRODUCT_ID, NAME, DESCRIPTION, CATEGORY, BRAND, PRICE, DISCOUNT, QUANTITY, SELLER_EMAIL_ID) VALUES (1029,'Canyon Clix','DSLR Camera Body with Dual Lens: AF-P DX NIKKOR 18 - 55 mm f/3.5 - 5.6G VR + AF-P DX NIKKOR 70 - 300 mm f/4.5 - 6.3G ED VR 16 GB SD Card', 'Electronics - Camera', 'Canyon', 65000, 5, 150, 'brad@infosys.com');
INSERT INTO EK_PRODUCT (PRODUCT_ID, NAME, DESCRIPTION, CATEGORY, BRAND, PRICE, DISCOUNT, QUANTITY, SELLER_EMAIL_ID) VALUES (1030,'Canyon clix Plus','DSLR Camera Body with Single Lens: AF-P DX NIKKOR 18-55 mm f/3.5-5.6G VR Kit ', 'Electronics - Camera', 'Canyon', 75000, 5, 150, 'brad@infosys.com');
INSERT INTO EK_PRODUCT (PRODUCT_ID, NAME, DESCRIPTION, CATEGORY, BRAND, PRICE, DISCOUNT, QUANTITY, SELLER_EMAIL_ID) VALUES (1031,'Nixon TrueLife','700D DSLR Camera Body with Dual Lens: EF S18 - 55 mm IS II and EF S55 - 250 mm IS II ', 'Electronics - Camera', 'Nixon', 45000, 5, 150, 'brad@infosys.com');
INSERT INTO EK_PRODUCT (PRODUCT_ID, NAME, DESCRIPTION, CATEGORY, BRAND, PRICE, DISCOUNT, QUANTITY, SELLER_EMAIL_ID) VALUES (1032,'Nixon Shot','DSLR Camera Body with Single Lens: AF-P DX', 'Electronics - Camera', 'Nixon', 52000, 5, 150, 'brad@infosys.com');
INSERT INTO EK_PRODUCT (PRODUCT_ID, NAME, DESCRIPTION, CATEGORY, BRAND, PRICE, DISCOUNT, QUANTITY, SELLER_EMAIL_ID) VALUES (1033,'Nixon ProCam','DSLR Camera Body with Single Lens: EF S18-55 IS STM', 'Electronics - Camera', 'Nixon', 56000, 5, 150, 'brad@infosys.com');
INSERT INTO EK_PRODUCT (PRODUCT_ID, NAME, DESCRIPTION, CATEGORY, BRAND, PRICE, DISCOUNT, QUANTITY, SELLER_EMAIL_ID) VALUES (1034,'DigiFilm InFocus','DSLR Camera Body with Lens: AF-P 18-55mm VR + AF-P DX', 'Electronics - Camera', 'DigiFilm', 35000, 5, 150, 'brad@infosys.com');
INSERT INTO EK_PRODUCT (PRODUCT_ID, NAME, DESCRIPTION, CATEGORY, BRAND, PRICE, DISCOUNT, QUANTITY, SELLER_EMAIL_ID) VALUES (1035,'DigiFilm Njoy','DSLR Camera Body with AF-S DX NIK 18-105 mm F/3.5-5.6 G ED VR', 'Electronics - Camera', 'DigiFilm', 45000, 5, 150, 'brad@infosys.com');
INSERT INTO EK_PRODUCT (PRODUCT_ID, NAME, DESCRIPTION, CATEGORY, BRAND, PRICE, DISCOUNT, QUANTITY, SELLER_EMAIL_ID) VALUES (1036,'DigiFilm Cynosure','77D DSLR Camera Body with Single Lens: EF-S18-135 IS USM', 'Electronics - Camera', 'DigiFilm', 43000, 5, 150, 'brad@infosys.com');
INSERT INTO EK_PRODUCT (PRODUCT_ID, NAME, DESCRIPTION, CATEGORY, BRAND, PRICE, DISCOUNT, QUANTITY, SELLER_EMAIL_ID) VALUES (1037,'DigiFilm Roll','DSLR Camera Body with Dual Lens: AF-P DX Nikkor 18 - 55 MM F/3.5-5.6G VR and 70-300 MM F/4.5-6.3G ED VR', 'Electronics - Camera', 'DigiFilm', 35000, 5, 150, 'peter@infosys.com');
INSERT INTO EK_PRODUCT (PRODUCT_ID, NAME, DESCRIPTION, CATEGORY, BRAND, PRICE, DISCOUNT, QUANTITY, SELLER_EMAIL_ID) VALUES (1038,'GoodLife Iron-Box','Adjustable thermostat control - Shock-proof plastic body - Non-stick sole plate', 'Electronics - Other Appliances', 'GoodLife', 5000, 5, 150, 'peter@infosys.com');
INSERT INTO EK_PRODUCT (PRODUCT_ID, NAME, DESCRIPTION, CATEGORY, BRAND, PRICE, DISCOUNT, QUANTITY, SELLER_EMAIL_ID) VALUES (1039,'GoodLife Microwave Oven','Convection Microwave Oven - Black', 'Electronics - Other Appliances', 'GoodLife', 5000, 5, 150, 'peter@infosys.com');
INSERT INTO EK_PRODUCT (PRODUCT_ID, NAME, DESCRIPTION, CATEGORY, BRAND, PRICE, DISCOUNT, QUANTITY, SELLER_EMAIL_ID) VALUES (1040,'JVL BT5 Bluetooth Speaker','Portable Bluetooth Mobile/Tablet Speaker', 'Electronics - Other Appliances', 'JVL', 5000, 5, 150, 'peter@infosys.com');
INSERT INTO EK_PRODUCT (PRODUCT_ID, NAME, DESCRIPTION, CATEGORY, BRAND, PRICE, DISCOUNT, QUANTITY, SELLER_EMAIL_ID) VALUES (1041,'Jab 5.1 Speaker','5.1 1 Subwoofer With 5.25"Woofer Unit, 5 Satellite Speakers With Full Range Speaker Units', 'Electronics - Other Appliances', 'Jab', 5000, 5, 150, 'peter@infosys.com');
INSERT INTO EK_PRODUCT (PRODUCT_ID, NAME, DESCRIPTION, CATEGORY, BRAND, PRICE, DISCOUNT, QUANTITY, SELLER_EMAIL_ID) VALUES (1042,'Aro RF JeanssM-32', 'Regular Fit Jeans for Men, size-32', 'Clothing - Men', 'ARO', 5000, 5, 150, 'peter@infosys.com');
INSERT INTO EK_PRODUCT (PRODUCT_ID, NAME, DESCRIPTION, CATEGORY, BRAND, PRICE, DISCOUNT, QUANTITY, SELLER_EMAIL_ID) VALUES (1043,'Aro RF JeanssM-34','Regular Fit Jeans for Men / Size 34 / Black', 'Clothing - Men', 'ARO', 4500, 5, 150, 'peter@infosys.com');
INSERT INTO EK_PRODUCT (PRODUCT_ID, NAME, DESCRIPTION, CATEGORY, BRAND, PRICE, DISCOUNT, QUANTITY, SELLER_EMAIL_ID) VALUES (1044,'Aro RF JeanssM-36','Regular Fit Jeans for Men / Size 36 / Navy Blue', 'Clothing - Men', 'ARO', 2500, 5, 150, 'peter@infosys.com');
INSERT INTO EK_PRODUCT (PRODUCT_ID, NAME, DESCRIPTION, CATEGORY, BRAND, PRICE, DISCOUNT, QUANTITY, SELLER_EMAIL_ID) VALUES (1045,'Aro STL JeansM-32','Denim - Stretchable Jeans for Men-32, Skinny fit', 'Clothing - Men', 'ARO', 3500, 5, 150, 'peter@infosys.com');
INSERT INTO EK_PRODUCT (PRODUCT_ID, NAME, DESCRIPTION, CATEGORY, BRAND, PRICE, DISCOUNT, QUANTITY, SELLER_EMAIL_ID) VALUES (1046,'Aro STL JeansM-34','Skinny Fit stretchable Jeans for Men/Size-32', 'Clothing - Men', 'ARO', 3100, 5, 150, 'robert@infosys.com');
INSERT INTO EK_PRODUCT (PRODUCT_ID, NAME, DESCRIPTION, CATEGORY, BRAND, PRICE, DISCOUNT, QUANTITY, SELLER_EMAIL_ID) VALUES (1047,'LP FL TrouserM-32','LuiPhilipe formal trouser for men / Size-32', 'Clothing - Men', 'LuiPhilipe', 3600, 5, 150, 'robert@infosys.com');
INSERT INTO EK_PRODUCT (PRODUCT_ID, NAME, DESCRIPTION, CATEGORY, BRAND, PRICE, DISCOUNT, QUANTITY, SELLER_EMAIL_ID) VALUES (1048,'LP FL TrouserM-34','LuiPhilipe formal trouser for men / Size-34', 'Clothing - Men', 'LuiPhilipe', 5200, 5, 150, 'robert@infosys.com');
INSERT INTO EK_PRODUCT (PRODUCT_ID, NAME, DESCRIPTION, CATEGORY, BRAND, PRICE, DISCOUNT, QUANTITY, SELLER_EMAIL_ID) VALUES (1049,'TTL FL ShirtM-38','Formal shirt for men / Size-38', 'Clothing - Men', 'TUTUL', 2500, 5, 150, 'robert@infosys.com');
INSERT INTO EK_PRODUCT (PRODUCT_ID, NAME, DESCRIPTION, CATEGORY, BRAND, PRICE, DISCOUNT, QUANTITY, SELLER_EMAIL_ID) VALUES (1050,'TTL FL ShirtM-40','Formal shirt for men / Size-40', 'Clothing - Men', 'TUTUL', 2300, 5, 150, 'robert@infosys.com');
INSERT INTO EK_PRODUCT (PRODUCT_ID, NAME, DESCRIPTION, CATEGORY, BRAND, PRICE, DISCOUNT, QUANTITY, SELLER_EMAIL_ID) VALUES (1051,'TTL FL ShirtM-42','Formal shirt for men / Size-42', 'Clothing - Men', 'TUTUL', 4500, 5, 150, 'robert@infosys.com');
INSERT INTO EK_PRODUCT (PRODUCT_ID, NAME, DESCRIPTION, CATEGORY, BRAND, PRICE, DISCOUNT, QUANTITY, SELLER_EMAIL_ID) VALUES (1052,'Melanje kurti-M','Black Cotton Kurti-M', 'Clothing - Women', 'Melanje', 5000, 5, 150, 'robert@infosys.com');
INSERT INTO EK_PRODUCT (PRODUCT_ID, NAME, DESCRIPTION, CATEGORY, BRAND, PRICE, DISCOUNT, QUANTITY, SELLER_EMAIL_ID) VALUES (1053,'Beeba Palazzo-L','Royal Blue Silk pallazo-L', 'Clothing - Women', 'Beeba', 4000, 5, 150, 'robert@infosys.com');
INSERT INTO EK_PRODUCT (PRODUCT_ID, NAME, DESCRIPTION, CATEGORY, BRAND, PRICE, DISCOUNT, QUANTITY, SELLER_EMAIL_ID) VALUES (1054,'Lyfstyle Trouser-28','Cotton Trousers - 28', 'Clothing - Women', 'Lyfstyle', 6000, 5, 150, 'robert@infosys.com');
INSERT INTO EK_PRODUCT (PRODUCT_ID, NAME, DESCRIPTION, CATEGORY, BRAND, PRICE, DISCOUNT, QUANTITY, SELLER_EMAIL_ID) VALUES (1055,'Dabloo Legging-M ','Cotton Legging (grey) size - M', 'Clothing - Women', 'Dabloo', 2000, 5, 150, 'david@infosys.com');
INSERT INTO EK_PRODUCT (PRODUCT_ID, NAME, DESCRIPTION, CATEGORY, BRAND, PRICE, DISCOUNT, QUANTITY, SELLER_EMAIL_ID) VALUES (1056,'Guchi Tunics-M','Denim Tunic (Olive Greeen) Medium Size', 'Clothing - Women', 'Guchi', 4000, 5, 150, 'david@infosys.com');
INSERT INTO EK_PRODUCT (PRODUCT_ID, NAME, DESCRIPTION, CATEGORY, BRAND, PRICE, DISCOUNT, QUANTITY, SELLER_EMAIL_ID) VALUES (1057,'Honee Casual Pant-M','Casual Pant - Off white, Medium size', 'Clothing - Women', 'Honee', 2000, 5, 150, 'david@infosys.com');
INSERT INTO EK_PRODUCT (PRODUCT_ID, NAME, DESCRIPTION, CATEGORY, BRAND, PRICE, DISCOUNT, QUANTITY, SELLER_EMAIL_ID) VALUES (1058,'LateenQuarters Jump Suit-M','Polyster Cotton Jump suit Navy Blue, Size - M', 'Clothing - Women', 'LateenQuarters', 4000, 5, 150, 'david@infosys.com');
INSERT INTO EK_PRODUCT (PRODUCT_ID, NAME, DESCRIPTION, CATEGORY, BRAND, PRICE, DISCOUNT, QUANTITY, SELLER_EMAIL_ID) VALUES (1059,'And Dungaree-M','Cotton Dungaree - Denim', 'Clothing - Women', 'And', 1500, 5, 150, 'david@infosys.com');
INSERT INTO EK_PRODUCT (PRODUCT_ID, NAME, DESCRIPTION, CATEGORY, BRAND, PRICE, DISCOUNT, QUANTITY, SELLER_EMAIL_ID) VALUES (1060,'Silk crafted Saree','Black Saree with brown border, golden crafted, 5m long', 'Clothing - Women', 'Grand Silk', 5000, 5, 150, 'david@infosys.com');
INSERT INTO EK_PRODUCT (PRODUCT_ID, NAME, DESCRIPTION, CATEGORY, BRAND, PRICE, DISCOUNT, QUANTITY, SELLER_EMAIL_ID) VALUES (1061,'Cotton crafted Saree','Black Saree with red border, 5m long, golden crafted', 'Clothing - Women', 'Grand Silk', 4200, 5, 150, 'david@infosys.com');
INSERT INTO EK_PRODUCT (PRODUCT_ID, NAME, DESCRIPTION, CATEGORY, BRAND, PRICE, DISCOUNT, QUANTITY, SELLER_EMAIL_ID) VALUES (1062,'Silk printed Saree','Red Saree, with white border and prints, 4m long', 'Clothing - Women', 'Grand Silk', 3000, 5, 150, 'david@infosys.com');
INSERT INTO EK_PRODUCT (PRODUCT_ID, NAME, DESCRIPTION, CATEGORY, BRAND, PRICE, DISCOUNT, QUANTITY, SELLER_EMAIL_ID) VALUES (1063,'MSD wicket Keeping Gloves','Leather gloves, drill lining cuff with rubber palm.', 'Sports', 'MSD', 1500, 5, 150, 'david@infosys.com');
INSERT INTO EK_PRODUCT (PRODUCT_ID, NAME, DESCRIPTION, CATEGORY, BRAND, PRICE, DISCOUNT, QUANTITY, SELLER_EMAIL_ID) VALUES (1064,'VSKA Cricket Bat','Jumbo Kashmir Willow Cricket Bat - Short Handle', 'Sports', 'VSKA', 2500, 5, 150, 'david@infosys.com');
INSERT INTO EK_PRODUCT (PRODUCT_ID, NAME, DESCRIPTION, CATEGORY, BRAND, PRICE, DISCOUNT, QUANTITY, SELLER_EMAIL_ID) VALUES (1065,'Mess Football','Hand Stitched Ball Laminated With 3 Layers Of Polyester Cotton', 'Sports', 'Mess', 750, 3, 150, 'charles@infosys.com');
INSERT INTO EK_PRODUCT (PRODUCT_ID, NAME, DESCRIPTION, CATEGORY, BRAND, PRICE, DISCOUNT, QUANTITY, SELLER_EMAIL_ID) VALUES (1066,'Nivi Volleyball','Volleyball, weight-300g', 'Sports', 'Nivi', 500, 5, 550, 'charles@infosys.com');
INSERT INTO EK_PRODUCT (PRODUCT_ID, NAME, DESCRIPTION, CATEGORY, BRAND, PRICE, DISCOUNT, QUANTITY, SELLER_EMAIL_ID) VALUES (1067,'SuperGrip Sports Shoes','Sports shoes with light weight and flexible and extra grip sole', 'Sports', 'SuperGrip', 4200, 5, 150, 'charles@infosys.com');
INSERT INTO EK_PRODUCT (PRODUCT_ID, NAME, DESCRIPTION, CATEGORY, BRAND, PRICE, DISCOUNT, QUANTITY, SELLER_EMAIL_ID) VALUES (1068,'Hawk Fry Pan','Special Induction Base Non-Stick Fry Pan, 24cm', 'Home - Kitchen', 'Hawk', 1200, 5, 150, 'charles@infosys.com');
INSERT INTO EK_PRODUCT (PRODUCT_ID, NAME, DESCRIPTION, CATEGORY, BRAND, PRICE, DISCOUNT, QUANTITY, SELLER_EMAIL_ID) VALUES (1069,'Pigi Pressure Cooker','All Outer Aluminum Pressure Cooker, 5 Litres, Silver', 'Home - Kitchen', 'PIGI', 1500, 5, 150, 'charles@infosys.com');
INSERT INTO EK_PRODUCT (PRODUCT_ID, NAME, DESCRIPTION, CATEGORY, BRAND, PRICE, DISCOUNT, QUANTITY, SELLER_EMAIL_ID) VALUES (1070,'TKW Sofa Set','Sofa 3+1+1 sofa sets are usually ideal for most of the living rooms.', 'Home - Furniture', 'TKW', 50000, 5, 15, 'charles@infosys.com');
INSERT INTO EK_PRODUCT (PRODUCT_ID, NAME, DESCRIPTION, CATEGORY, BRAND, PRICE, DISCOUNT, QUANTITY, SELLER_EMAIL_ID) VALUES (1071,'TKW Side Table','Sheesham Wood Bed Side Cabinet (Natural Honey Finish)', 'Home - Furniture', 'TKW', 15000, 5, 150, 'charles@infosys.com');
INSERT INTO EK_PRODUCT (PRODUCT_ID, NAME, DESCRIPTION, CATEGORY, BRAND, PRICE, DISCOUNT, QUANTITY, SELLER_EMAIL_ID) VALUES (1072,'Hommie Curtain','Artistic floral door curtain (Ring) - 48inch X 90inch.', 'Home - Decor', 'Hommie', 2550, 7, 150, 'charles@infosys.com');
INSERT INTO EK_PRODUCT (PRODUCT_ID, NAME, DESCRIPTION, CATEGORY, BRAND, PRICE, DISCOUNT, QUANTITY, SELLER_EMAIL_ID) VALUES (1073,'RoyaleDecor Curtain','Artistic floral window curtain (Ring) ', 'Home - Decor', 'RoyaleDecor', 1550, 5, 150, 'charles@infosys.com');
INSERT INTO EK_PRODUCT (PRODUCT_ID, NAME, DESCRIPTION, CATEGORY, BRAND, PRICE, DISCOUNT, QUANTITY, SELLER_EMAIL_ID) VALUES (1074,'RoyaleDecor Bed Lamp','Wooden Table Lamp Rope Style (Size: 25.4 x 17.8 x 17.8 cm)', 'Home - Decor', 'RoyaleDecor', 1089, 3, 200, 'charles@infosys.com');


INSERT INTO EK_ORDER (ORDER_ID, ORDER_NUMBER, DATE_OF_ORDER, TOTAL_PRICE, ADDRESS_ID, ORDER_STATUS, PAYMENT_THROUGH, DATE_OF_DELIVERY, CUSTOMER_EMAIL_ID) VALUES (90000, 71000, SYSDATE-INTERVAL 155 DAY, 15200, 5000, 'DELIVERED', 'DEBIT_CARD', SYSDATE-INTERVAL 150 DAY, 'tom@infosys.com');
INSERT INTO EK_ORDER (ORDER_ID, ORDER_NUMBER, DATE_OF_ORDER, TOTAL_PRICE, ADDRESS_ID, ORDER_STATUS, PAYMENT_THROUGH, DATE_OF_DELIVERY, CUSTOMER_EMAIL_ID) VALUES (90001, 71000, SYSDATE()- INTERVAL 155 DAY, 56050, 5000, 'RETURNED', 'CASH_ON_DELIVERY', SYSDATE()- INTERVAL 150 DAY, 'tom@infosys.com');
INSERT INTO EK_ORDER (ORDER_ID, ORDER_NUMBER, DATE_OF_ORDER,TOTAL_PRICE, ADDRESS_ID, ORDER_STATUS, PAYMENT_THROUGH, DATE_OF_DELIVERY, CUSTOMER_EMAIL_ID) VALUES (90002, 71001, SYSDATE()- INTERVAL 145 DAY, 7600, 5007, 'RETURNED', 'DEBIT_CARD', SYSDATE()- INTERVAL 140 DAY, 'harry@infosys.com');
INSERT INTO EK_ORDER (ORDER_ID, ORDER_NUMBER, DATE_OF_ORDER, TOTAL_PRICE, ADDRESS_ID, ORDER_STATUS, PAYMENT_THROUGH, DATE_OF_DELIVERY, CUSTOMER_EMAIL_ID) VALUES (90003, 71001, SYSDATE()- INTERVAL 145 DAY,475, 5007, 'DELIVERED', 'CREDIT_CARD', SYSDATE()- INTERVAL 139 DAY, 'harry@infosys.com');
INSERT INTO EK_ORDER (ORDER_ID, ORDER_NUMBER, DATE_OF_ORDER,TOTAL_PRICE, ADDRESS_ID, ORDER_STATUS, PAYMENT_THROUGH, DATE_OF_DELIVERY, CUSTOMER_EMAIL_ID) VALUES (90004, 71002, SYSDATE()- INTERVAL 108 DAY, 47500, 5012, 'CANCELLED', 'DEBIT_CARD', null, 'john@infosys.com');
INSERT INTO EK_ORDER (ORDER_ID, ORDER_NUMBER, DATE_OF_ORDER, TOTAL_PRICE, ADDRESS_ID, ORDER_STATUS, PAYMENT_THROUGH, DATE_OF_DELIVERY, CUSTOMER_EMAIL_ID) VALUES (90005, 71002, SYSDATE()- INTERVAL 108 DAY, 14250, 5012, 'DELIVERED', 'CREDIT_CARD', SYSDATE()- INTERVAL 103 DAY, 'john@infosys.com');
INSERT INTO EK_ORDER (ORDER_ID, ORDER_NUMBER, DATE_OF_ORDER,TOTAL_PRICE, ADDRESS_ID, ORDER_STATUS, PAYMENT_THROUGH, DATE_OF_DELIVERY, CUSTOMER_EMAIL_ID) VALUES (90006, 71002, SYSDATE()- INTERVAL 108 DAY, 2371.50, 5012, 'CANCELLED', 'CREDIT_CARD', null, 'john@infosys.com');
INSERT INTO EK_ORDER (ORDER_ID, ORDER_NUMBER, DATE_OF_ORDER,TOTAL_PRICE, ADDRESS_ID, ORDER_STATUS, PAYMENT_THROUGH, DATE_OF_DELIVERY, CUSTOMER_EMAIL_ID) VALUES (90007, 71003, SYSDATE()- INTERVAL 98 DAY,4750, 5004, 'DELIVERED', 'DEBIT_CARD', SYSDATE()- INTERVAL 95 DAY, 'sara@infosys.com');
INSERT INTO EK_ORDER (ORDER_ID, ORDER_NUMBER, DATE_OF_ORDER, TOTAL_PRICE, ADDRESS_ID, ORDER_STATUS, PAYMENT_THROUGH, DATE_OF_DELIVERY, CUSTOMER_EMAIL_ID) VALUES (90008, 71004, SYSDATE()- INTERVAL 95 DAY,4750, 5017, 'CANCELLED', 'CASH_ON_DELIVERY', null, 'mariya@infosys.com');
INSERT INTO EK_ORDER (ORDER_ID, ORDER_NUMBER, DATE_OF_ORDER,TOTAL_PRICE, ADDRESS_ID, ORDER_STATUS, PAYMENT_THROUGH, DATE_OF_DELIVERY, CUSTOMER_EMAIL_ID) VALUES (90009, 71004, SYSDATE()- INTERVAL 95 DAY, 3800, 5017, 'DELIVERED', 'CREDIT_CARD', SYSDATE()- INTERVAL 90 DAY, 'mariya@infosys.com');
INSERT INTO EK_ORDER (ORDER_ID, ORDER_NUMBER, DATE_OF_ORDER, TOTAL_PRICE, ADDRESS_ID, ORDER_STATUS, PAYMENT_THROUGH, DATE_OF_DELIVERY, CUSTOMER_EMAIL_ID) VALUES (90010, 71004, SYSDATE()- INTERVAL 95 DAY, 11400, 5017, 'CANCELLED', 'CASH_ON_DELIVERY', null, 'mariya@infosys.com');
INSERT INTO EK_ORDER (ORDER_ID, ORDER_NUMBER, DATE_OF_ORDER, TOTAL_PRICE, ADDRESS_ID, ORDER_STATUS, PAYMENT_THROUGH, DATE_OF_DELIVERY, CUSTOMER_EMAIL_ID) VALUES (90011, 71005, SYSDATE()- INTERVAL 84 DAY, 4750, 5010, 'DELIVERED', 'DEBIT_CARD', SYSDATE()- INTERVAL 80 DAY, 'james@infosys.com');
INSERT INTO EK_ORDER (ORDER_ID, ORDER_NUMBER, DATE_OF_ORDER,TOTAL_PRICE, ADDRESS_ID, ORDER_STATUS, PAYMENT_THROUGH, DATE_OF_DELIVERY, CUSTOMER_EMAIL_ID) VALUES (90012, 71006, SYSDATE()- INTERVAL 84 DAY, 47500, 5008, 'CANCELLED', 'CREDIT_CARD', null, 'steve@infosys.com');
INSERT INTO EK_ORDER (ORDER_ID, ORDER_NUMBER, DATE_OF_ORDER, TOTAL_PRICE, ADDRESS_ID, ORDER_STATUS, PAYMENT_THROUGH, DATE_OF_DELIVERY, CUSTOMER_EMAIL_ID) VALUES (90013, 71006, SYSDATE()- INTERVAL 76 DAY, 4750, 5008, 'DELIVERED', 'CASH_ON_DELIVERY', SYSDATE()- INTERVAL 74 DAY, 'steve@infosys.com');
INSERT INTO EK_ORDER (ORDER_ID, ORDER_NUMBER, DATE_OF_ORDER, TOTAL_PRICE, ADDRESS_ID, ORDER_STATUS, PAYMENT_THROUGH, DATE_OF_DELIVERY, CUSTOMER_EMAIL_ID) VALUES (90014, 71007, SYSDATE()- INTERVAL 76 DAY, 15200, 5006, 'DELIVERED', 'DEBIT_CARD', SYSDATE()- INTERVAL 73 DAY, 'punya@infosys.com');
INSERT INTO EK_ORDER (ORDER_ID, ORDER_NUMBER, DATE_OF_ORDER,TOTAL_PRICE, ADDRESS_ID, ORDER_STATUS, PAYMENT_THROUGH, DATE_OF_DELIVERY, CUSTOMER_EMAIL_ID) VALUES (90015, 71007, SYSDATE()- INTERVAL 76 DAY, 56050, 5006, 'DELIVERED', 'CREDIT_CARD', SYSDATE()- INTERVAL 72 DAY, 'punya@infosys.com');
INSERT INTO EK_ORDER (ORDER_ID, ORDER_NUMBER, DATE_OF_ORDER,TOTAL_PRICE, ADDRESS_ID, ORDER_STATUS, PAYMENT_THROUGH, DATE_OF_DELIVERY, CUSTOMER_EMAIL_ID) VALUES (90016, 71007, SYSDATE()- INTERVAL 76 DAY, 4750, 5006, 'DELIVERED', 'CREDIT_CARD', SYSDATE()- INTERVAL 73 DAY, 'punya@infosys.com');
INSERT INTO EK_ORDER (ORDER_ID, ORDER_NUMBER, DATE_OF_ORDER, TOTAL_PRICE, ADDRESS_ID, ORDER_STATUS, PAYMENT_THROUGH, DATE_OF_DELIVERY, CUSTOMER_EMAIL_ID) VALUES (90018, 71009, SYSDATE()- INTERVAL 52 DAY, 15200, 5017, 'DELIVERED', 'CASH_ON_DELIVERY', SYSDATE()- INTERVAL 45 DAY, 'animesh@infosys.com');
INSERT INTO EK_ORDER (ORDER_ID, ORDER_NUMBER, DATE_OF_ORDER, TOTAL_PRICE, ADDRESS_ID, ORDER_STATUS, PAYMENT_THROUGH, DATE_OF_DELIVERY, CUSTOMER_EMAIL_ID) VALUES (90017, 71008, SYSDATE()- INTERVAL 6 DAY, 3325, 5017, 'OUT_FOR_DELIVERY', 'CREDIT_CARD', null, 'rakesh@infosys.com');
INSERT INTO EK_ORDER (ORDER_ID, ORDER_NUMBER, DATE_OF_ORDER,TOTAL_PRICE, ADDRESS_ID, ORDER_STATUS, PAYMENT_THROUGH, DATE_OF_DELIVERY, CUSTOMER_EMAIL_ID) VALUES (90019, 71010, SYSDATE()- INTERVAL 2 DAY, 33250, 5017, 'DISPATCHED', 'DEBIT_CARD', null, 'rakesh@infosys.com');

